state,providers,providers_with_payments,payments_total_usd
AK,36035,3341,10258578.8
AL,94848,23971,172642163.36
AR,86462,13161,69066198.21
AS,229,9,1143.21
AZ,176321,35333,385937614.42
CA,1185337,167024,2325576672.25
CO,197262,29744,373694415.46
CT,105474,21457,326671698.34
DC,52754,6403,105558500.22
DE,27926,5530,23289882.11
FL,652949,128521,1384434400.34
GA,230573,51144,444949532.05
GU,1183,147,401240.88
HI,40898,6236,67446079.76
IA,65997,13060,93567316.47
ID,46268,8101,60588465.53
IL,318439,62772,638588880.74
IN,155930,31915,250792079.13
KS,72678,14138,202500914.21
KY,113389,24596,191924106.59
LA,125728,24713,168871497.19
MA,258615,39293,509720627.9
MD,216052,32749,355759467.71
ME,43271,5703,21514195.57
MI,357320,53022,438232018.68
MN,168647,21331,324429752.62
MO,148636,32499,333678054.9
MP,322,18,4207.27
MS,57999,13897,81869545.95
MT,29989,4776,14831447.74
NC,277213,54994,545017581.85
ND,27630,3927,11811479.03
NE,92793,10527,65677276.02
NH,40720,6755,43332487.15
NJ,234001,48220,362134638.01
NM,69615,8411,126432587.06
NV,123277,13653,137975900.93
NY,656683,113870,1289102870.5
OH,407380,64911,573900627.64
OK,117288,17714,122903205.28
OR,150181,17088,106027366.06
PA,335762,73956,691428793.05
PR,57988,11048,45227232.14
RI,32157,5750,44279327.46
SC,116556,26611,198324850.83
SD,23192,4635,40034447.67
TN,160443,38257,531376773.0
TX,607442,131992,1332878181.46
UT,95788,14092,226490597.11
VA,200979,40845,431438835.8
VI,1254,97,80737.71
VT,19171,1391,9934504.78
WA,243214,30698,382264396.21
WI,144809,22484,201981936.54
WV,91483,9137,51292036.56
WY,18460,2130,11778454.28
