taxonomy_code,specialty,providers,providers_with_payments,payments_total_usd
207X00000X,Orthopaedic Surgery Physician,38168,21440,2402643534.75
207R00000X,Internal Medicine Physician,216409,112486,1186621429.84
207RC0000X,Cardiovascular Disease Physician,35124,21321,640158914.27
207T00000X,Neurological Surgery Physician,11720,6899,627299187.47
2084N0400X,Neurology Physician,26130,15491,607800266.27
207XS0114X,Adult Reconstructive Orthopaedic Surgery Physician,1489,1164,501538048.82
2084P0800X,Psychiatry Physician,67877,27138,488848279.74
208600000X,Surgery Physician,47489,28416,469558957.46
207N00000X,Dermatology Physician,22452,12334,452844971.29
207XS0117X,Orthopaedic Surgery of the Spine Physician,2794,1658,448358543.88
174400000X,Specialist,98925,15676,385509615.49
207W00000X,Ophthalmology Physician,31280,17795,351210433.23
207RH0003X,Hematology & Oncology Physician,14765,9483,337183853.87
207Q00000X,Family Medicine Physician,210936,96033,334965717.89
207XX0005X,Sports Medicine (Orthopaedic Surgery) Physician,3679,2508,299902761.04
207RG0100X,Gastroenterology Physician,22313,14214,274223146.61
390200000X,Student in an Organized Health Care Education/Training Program,347964,75958,256204271.44
363LF0000X,Family Nurse Practitioner,227485,143704,254610650.89
208800000X,Urology Physician,18223,11439,242487269.66
207RE0101X,"Endocrinology, Diabetes & Metabolism Physician",10584,6463,222118247.52
207RR0500X,Rheumatology Physician,8540,5035,218416293.02
363A00000X,Physician Assistant,158985,96954,217442933.73
2085R0202X,Diagnostic Radiology Physician,49755,19310,213942029.73
1223G0001X,General Practice Dentistry,178432,84397,198240201.12
207RX0202X,Medical Oncology Physician,4546,3292,193765029.19
1223E0200X,Endodontics,9373,4082,172778613.31
207V00000X,Obstetrics & Gynecology Physician,57536,33686,155994772.69
207RN0300X,Nephrology Physician,14474,8894,153488910.33
152W00000X,Optometrist,98310,49606,152369150.25
208200000X,Plastic Surgery Physician,8540,4579,147674770.38
207RP1001X,Pulmonary Disease Physician,12895,7718,147430020.69
2082S0099X,Plastic Surgery Within the Head and Neck (Plastic Surgery) Physician,251,165,139318403.49
208G00000X,Thoracic Surgery (Cardiothoracic Vascular Surgery) Physician,6687,4223,136157402.44
208000000X,Pediatrics Physician,94447,44436,132241398.53
363L00000X,Nurse Practitioner,94746,57118,129338855.51
122300000X,Dentist,128912,65278,126599250.86
213ES0103X,Foot & Ankle Surgery Podiatrist,15669,8031,121304743.15
207XX0004X,Orthopaedic Foot and Ankle Surgery Physician,834,638,118937100.3
207L00000X,Anesthesiology Physician,71705,36148,117931730.32
207RI0011X,Interventional Cardiology Physician,4468,3387,115562582.37
2085R0204X,Vascular & Interventional Radiology Physician,4122,2787,105414626.1
207RC0001X,Clinical Cardiac Electrophysiology Physician,2001,1588,104580049.51
2086S0129X,Vascular Surgery Physician,6379,3876,104474755.66
207RI0200X,Infectious Disease Physician,10776,5703,98656687.4
207K00000X,Allergy & Immunology Physician,5590,2808,95039788.02
213E00000X,Podiatrist,17781,7363,91027997.18
1223X0400X,Orthodontics and Dentofacial Orthopedics Dentistry,19783,9944,87523318.97
207P00000X,Emergency Medicine Physician,77732,31119,85024926.07
363AM0700X,Medical Physician Assistant,41463,25837,79161587.15
207RC0200X,Critical Care Medicine (Internal Medicine) Physician,8363,5403,79055982.94
207Y00000X,Otolaryngology Physician,14354,8806,74428253.81
363LP0808X,Psychiatric/Mental Health Nurse Practitioner,56467,27366,71137519.31
207RH0000X,Hematology (Internal Medicine) Physician,1968,1175,68761826.16
207XX0801X,Orthopaedic Trauma Physician,894,693,64153564.45
207XS0106X,Orthopaedic Hand Surgery Physician,2512,1727,61981462.82
207LP2900X,Pain Medicine (Anesthesiology) Physician,7804,3410,52226219.9
207ZP0102X,Anatomic Pathology & Clinical Pathology Physician,16281,6259,48117456.74
363LA2200X,Adult Health Nurse Practitioner,31259,18333,46183187.89
2080P0207X,Pediatric Hematology & Oncology Physician,2819,1727,42081536.25
2085N0700X,Neuroradiology Physician,2204,1027,40682508.08
2085R0001X,Radiation Oncology Physician,7995,4786,39103537.65
163W00000X,Registered Nurse,190574,27016,39018460.22
2086S0122X,Plastic and Reconstructive Surgery Physician,3701,2087,38227316.18
2084N0402X,Neurology with Special Qualifications in Child Neurology Physician,2177,1391,35249550.03
208D00000X,General Practice Physician,28696,9073,33831427.54
207VX0201X,Gynecologic Oncology Physician,1796,1193,33556895.09
208100000X,Physical Medicine & Rehabilitation Physician,22205,7192,33553312.23
207WX0107X,Retina Specialist (Ophthalmology) Physician,1256,944,31390477.42
1223S0112X,Oral and Maxillofacial Surgery (Dentist),12097,5992,30817434.84
207RA0201X,Allergy & Immunology (Internal Medicine) Physician,682,422,29045263.18
363LA2100X,Acute Care Nurse Practitioner,25838,16314,27085420.33
1223P0700X,Prosthodontics,4283,2491,26122952.82
207VG0400X,Gynecology Physician,6139,2493,25877392.92
207KA0200X,Allergy Physician,1775,735,25626400.57
207ND0101X,MOHS-Micrographic Surgery Physician,1563,1016,24893418.64
208C00000X,Colon & Rectal Surgery Physician,2145,1396,24834292.06
1223P0300X,Periodontics,8164,4556,24790786.75
2085B0100X,Body Imaging Physician,2699,791,24769465.55
208VP0014X,Interventional Pain Medicine Physician,3768,1457,23787101.44
207ZP0101X,Anatomic Pathology Physician,2841,1067,22986183.23
363AS0400X,Surgical Physician Assistant,17683,11327,22602936.19
208M00000X,Hospitalist Physician,20575,11047,22208197.09
2084P0804X,Child & Adolescent Psychiatry Physician,7183,3050,21320084.97
207XP3100X,Pediatric Orthopaedic Surgery Physician,796,529,20882570.4
207ZB0001X,Blood Banking & Transfusion Medicine Physician,692,325,19294215.71
2080P0202X,Pediatric Cardiology Physician,3173,1653,18038267.01
207NS0135X,Procedural Dermatology Physician,1049,581,17597255.02
207RA0001X,Advanced Heart Failure and Transplant Cardiology Physician,659,546,17588324.38
2080P0205X,Pediatric Endocrinology Physician,1694,1121,17521690.03
204F00000X,Transplant Surgery Physician,1311,833,17131030.47
207RI0008X,Hepatology Physician,331,242,16482885.13
207SG0201X,Clinical Genetics (M.D.) Physician,982,502,16211184.11
207NP0225X,Pediatric Dermatology Physician,270,204,15615010.36
2086X0206X,Surgical Oncology Physician,1817,1193,14459200.58
207RS0012X,Sleep Medicine (Internal Medicine) Physician,1648,803,14141589.49
2080P0208X,Pediatric Infectious Diseases Physician,1186,519,14046489.96
2084N0600X,Clinical Neurophysiology Physician,943,492,14018720.44
2081P2900X,Pain Medicine (Physical Medicine & Rehabilitation) Physician,3300,1380,13907309.51
2086S0120X,Pediatric Surgery Physician,1358,759,13112777.54
363LG0600X,Gerontology Nurse Practitioner,10514,6085,12576780.16
2084N0008X,Neuromuscular Medicine (Psychiatry & Neurology) Physician,426,298,12482352.44
152WC0802X,Corneal and Contact Management Optometrist,2165,1312,12403002.96
2080P0201X,Pediatric Allergy/Immunology Physician,475,326,12126975.68
2086S0102X,Surgical Critical Care Physician,1714,1337,11842480.11
363LP2300X,Primary Care Nurse Practitioner,12063,6636,11718061.9
367500000X,Certified Registered Nurse Anesthetist,68163,36706,11517440.29
207YS0123X,Facial Plastic Surgery Physician,917,556,10510025.52
207RG0300X,Geriatric Medicine (Internal Medicine) Physician,5762,2189,10490860.81
208VP0000X,Pain Medicine Physician,2570,800,10384710.97
207VE0102X,Reproductive Endocrinology Physician,2104,1240,10365098.36
207UN0901X,Nuclear Cardiology Physician,519,340,10084320.85
363LP0200X,Pediatric Nurse Practitioner,21881,11382,9832648.13
207VF0040X,Urogynecology and Reconstructive Pelvic Surgery (Obstetrics & Gynecology) Physician,819,598,9813156.25
2084S0012X,Sleep Medicine (Psychiatry & Neurology) Physician,620,318,9598017.29
207ZP0105X,Clinical Pathology/Laboratory Medicine Physician,1499,509,9521076.9
2084V0102X,Vascular Neurology Physician,646,485,9309570.35
2082S0105X,Surgery of the Hand (Plastic Surgery) Physician,531,329,8913503.86
2080P0206X,Pediatric Gastroenterology Physician,1895,1261,8889145.9
2080P0008X,Pediatric Neurodevelopmental Disabilities Physician,369,140,8847738.66
207RT0003X,Transplant Hepatology Physician,162,134,8752464.36
207U00000X,Nuclear Medicine Physician,1278,463,8366555.95
2086S0127X,Trauma Surgery Physician,1216,810,8155687.73
213ES0131X,Foot Surgery Podiatrist,2600,1113,8100327.09
2086S0105X,Surgery of the Hand (Surgery) Physician,596,345,7818806.96
213EP1101X,Primary Podiatric Medicine Podiatrist,1929,682,7791499.95
207NI0002X,Clinical & Laboratory Dermatological Immunology Physician,102,50,7662699.82
363LW0102X,Women's Health Nurse Practitioner,10140,5563,7297036.19
2088F0040X,Urogynecology and Reconstructive Pelvic Surgery (Urology) Physician,176,115,7228499.46
207ZC0006X,Clinical Pathology Physician,524,192,7070869.91
2084E0001X,Epilepsy Physician,427,349,6889371.76
207WX0009X,Glaucoma Specialist (Ophthalmology) Physician,434,371,6809378.81
282N00000X,General Acute Care Hospital,14279,549,6730217.96
207WX0200X,Ophthalmic Plastic and Reconstructive Surgery Physician,433,282,6539312.35
207QS0010X,Sports Medicine (Family Medicine) Physician,3058,1670,6443755.61
207ND0900X,Dermatopathology Physician,785,433,6413772.66
1223P0221X,Pediatric Dentistry,15547,5712,6388349.65
207WX0120X,Cornea and External Diseases Specialist Physician,358,303,6324716.27
207LC0200X,Critical Care Medicine (Anesthesiology) Physician,1626,897,6281748.57
2083P0901X,Public Health & General Preventive Medicine Physician,2423,558,6176854.45
2084A0401X,Addiction Medicine (Psychiatry & Neurology) Physician,1086,399,5976190.1
2085N0904X,Nuclear Radiology Physician,836,326,5739880.84
207QA0505X,Adult Medicine Physician,3941,1318,5712392.26
204E00000X,Oral & Maxillofacial Surgery (D.M.D.),1738,953,5648994.54
2084P0805X,Geriatric Psychiatry Physician,1083,427,5541840.71
2084P0802X,Addiction Psychiatry Physician,894,376,5119339.69
2080P0214X,Pediatric Pulmonology Physician,1256,771,4943205.1
207PE0004X,Emergency Medical Services (Emergency Medicine) Physician,4550,1628,4906495.94
246XC2903X,Vascular Specialist/Technologist Cardiovascular,167,5,4904618.54
207QG0300X,Geriatric Medicine (Family Medicine) Physician,2967,1040,4853747.01
207ZH0000X,Hematology (Pathology) Physician,786,397,4326814.83
111N00000X,Chiropractor,156455,6976,4296531.86
173000000X,Legal Medicine,2210,466,4275728.71
207VM0101X,Maternal & Fetal Medicine Physician,2991,1324,4217969.9
2080P0210X,Pediatric Nephrology Physician,829,505,4166204.89
171000000X,Military Health Care Provider,3333,537,3979009.05
207VX0000X,Obstetrics Physician,2048,1045,3884678.18
2080N0001X,Neonatal-Perinatal Medicine Physician,6429,2354,3864075.84
207QS1201X,Sleep Medicine (Family Medicine) Physician,412,186,3800169.59
207RA0401X,Addiction Medicine (Internal Medicine) Physician,976,358,3704702.05
207RH0002X,Hospice and Palliative Medicine (Internal Medicine) Physician,2412,738,3483351.91
2083P0011X,Undersea and Hyperbaric Medicine (Preventive Medicine) Physician,532,167,3462849.98
207YX0905X,Otolaryngology/Facial Plastic Surgery Physician,1103,632,3348032.02
2080A0000X,Pediatric Adolescent Medicine Physician,3450,1582,3284427.22
367A00000X,Advanced Practice Midwife,11772,5756,3258178.18
146D00000X,Personal Emergency Response Attendant,1034,237,3220303.21
163WP0808X,Psychiatric/Mental Health Registered Nurse,12277,1620,3132544.58
207ZC0500X,Cytopathology Physician,1671,659,2991641.99
2088P0231X,Pediatric Urology Physician,482,294,2974556.04
207KI0005X,Clinical & Laboratory Immunology (Allergy & Immunology) Physician,168,66,2928316.65
207YX0007X,Plastic Surgery within the Head & Neck (Otolaryngology) Physician,799,484,2894923.21
1223P0106X,Oral and Maxillofacial Pathology Dentistry,929,334,2872292.44
2084B0040X,Behavioral Neurology & Neuropsychiatry Physician,570,168,2823995.91
2083X0100X,Occupational Medicine Physician,2994,628,2801559.27
2080P0203X,Pediatric Critical Care Medicine Physician,2528,896,2776585.97
2084F0202X,Forensic Psychiatry Physician,913,358,2765300.73
207YX0901X,Otology & Neurotology Physician,443,299,2702924.24
2080P0216X,Pediatric Rheumatology Physician,441,237,2614431.93
207RH0005X,Hypertension Specialist Physician,53,31,2606942.17
101YP2500X,Professional Counselor,148438,113,2578669.36
332B00000X,Durable Medical Equipment & Medical Supplies,103705,218,2497572.1
363LX0001X,Obstetrics & Gynecology Nurse Practitioner,2966,1641,2442256.55
204D00000X,Neuromusculoskeletal Medicine & OMM Physician,1834,619,2413816.49
2084A2900X,Neurocritical Care Physician,421,299,2406690.54
207WX0109X,Neuro-ophthalmology Physician,157,119,2387526.82
364SA2200X,Adult Health Clinical Nurse Specialist,1437,743,2332425.61
2081P0004X,Spinal Cord Injury Medicine Physician,303,142,2324792.21
207QB0002X,Obesity Medicine (Family Medicine) Physician,312,107,2270784.03
207WX0108X,Uveitis and Ocular Inflammatory Disease (Ophthalmology) Physician,50,42,2265563.32
207RB0002X,Obesity Medicine (Internal Medicine) Physician,351,123,2249145.9
2083B0002X,Obesity Medicine (Preventive Medicine) Physician,305,131,2194807.22
2084P0015X,Psychosomatic Medicine Physician,577,239,2107629.16
207RA0002X,Adult Congenital Heart Disease Physician,128,100,2069023.91
2084P2900X,Pain Medicine (Psychiatry & Neurology) Physician,261,127,2042110.88
207QA0401X,Addiction Medicine (Family Medicine) Physician,1585,549,1930638.26
213ES0000X,Sports Medicine Podiatrist,187,102,1893980.84
202C00000X,Independent Medical Examiner Physician,361,68,1827218.19
2081S0010X,Sports Medicine (Physical Medicine & Rehabilitation) Physician,1635,390,1790741.74
207LP3000X,Pediatric Anesthesiology Physician,1473,757,1769060.9
2081P0010X,Pediatric Rehabilitation Medicine Physician,478,161,1735886.82
163WC0200X,Critical Care Medicine Registered Nurse,7110,1764,1729417.28
207SG0202X,Clinical Biochemical Genetics Physician,93,59,1710203.13
207YX0602X,Otolaryngic Allergy Physician,237,116,1685456.54
207ZD0900X,Dermatopathology (Pathology) Physician,670,316,1654295.9
261QM1300X,Multi-Specialty Clinic/Center,9239,32,1645203.11
204C00000X,Sports Medicine (Neuromusculoskeletal Medicine) Physician,891,243,1628109.48
1223X0008X,Oral and Maxillofacial Radiology Dentistry,202,77,1619774.88
364S00000X,Clinical Nurse Specialist,1832,789,1541762.18
363LC1500X,Community Health Nurse Practitioner,528,226,1502637.37
364SX0200X,Oncology Clinical Nurse Specialist,236,144,1490908.43
2083A0300X,Addiction Medicine (Preventive Medicine) Physician,497,231,1487997.66
207PP0204X,Pediatric Emergency Medicine (Emergency Medicine) Physician,923,300,1481409.73
101YM0800X,Mental Health Counselor,345207,390,1460252.93
261QP2300X,Primary Care Clinic/Center,16230,194,1439148.68
207ZP0007X,Molecular Genetic Pathology (Pathology) Physician,230,97,1433152.55
183500000X,Pharmacist,300020,212,1427446.03
207YP0228X,Pediatric Otolaryngology Physician,670,464,1408364.07
247ZC0005X,Clinical Laboratory Director (Non-physician),625,3,1406910.82
207SG0203X,Clinical Molecular Genetics Physician,131,23,1400988.6
171W00000X,Contractor,10622,47,1367893.89
163WG0000X,General Practice Registered Nurse,6029,993,1292413.37
207PE0005X,Undersea and Hyperbaric Medicine (Emergency Medicine) Physician,528,148,1276332.68
1223D0001X,Public Health Dentistry,1950,569,1241342.79
163WP0809X,Adult Psychiatric/Mental Health Registered Nurse,4767,425,1207354.21
2080P0204X,Pediatric Emergency Medicine (Pediatrics) Physician,1952,566,1205025.62
2083P0500X,Preventive Medicine/Occupational Environmental Medicine Physician,1494,272,1194723.05
2085P0229X,Pediatric Radiology Physician,999,402,1135904.35
364SP0808X,Psychiatric/Mental Health Clinical Nurse Specialist,1193,428,1134457.2
2084P0301X,Brain Injury Medicine (Psychiatry & Neurology) Physician,54,17,1121742.49
2080P0006X,Developmental - Behavioral Pediatrics Physician,1260,298,1098219.05
364SP0809X,Adult Psychiatric/Mental Health Clinical Nurse Specialist,1060,357,1096044.24
2085D0003X,Diagnostic Neuroimaging (Radiology) Physician,259,76,1078089.32
174H00000X,Health Educator,8157,31,1056111.34
207UN0902X,Nuclear Imaging & Therapy Physician,249,105,1004407.65
204R00000X,Electrodiagnostic Medicine Physician,732,73,985786.18
202K00000X,Phlebology Physician,602,136,973827.89
2086H0002X,Hospice and Palliative Medicine (Surgery) Physician,51,15,971160.14
163WX0200X,Oncology Registered Nurse,1084,234,954384.53
363LC0200X,Critical Care Medicine Nurse Practitioner,1518,816,917770.76
207RA0000X,Adolescent Medicine (Internal Medicine) Physician,482,238,915473.38
163WE0003X,Emergency Registered Nurse,4854,767,911971.88
152WL0500X,Low Vision Rehabilitation Optometrist,435,214,904822.83
207YS0012X,Sleep Medicine (Otolaryngology) Physician,166,95,896343.19
2085R0203X,Therapeutic Radiology Physician,358,185,848318.12
152WP0200X,Pediatric Optometrist,393,269,821546.23
284300000X,Special Hospital,808,19,819168.56
163WP0807X,Child & Adolescent Psychiatric/Mental Health Registered Nurse,1615,180,760669.8
364SA2100X,Acute Care Clinical Nurse Specialist,544,304,736302.41
367H00000X,Anesthesiologist Assistant,4818,2376,725947.21
1041C0700X,Clinical Social Worker,322945,121,719914.04
364SF0001X,Family Health Clinical Nurse Specialist,702,360,716829.66
170100000X,Ph.D. Medical Genetics,600,58,712480.8
152WV0400X,Vision Therapy Optometrist,626,268,655287.28
291U00000X,Clinical Medical Laboratory,19643,17,648383.93
207LA0401X,Addiction Medicine (Anesthesiology) Physician,213,83,646203.0
207PT0002X,Medical Toxicology (Emergency Medicine) Physician,273,95,629540.53
207QA0000X,Adolescent Medicine (Family Medicine) Physician,376,133,618981.1
152WS0006X,Sports Vision Optometrist,58,36,595820.48
163WP0200X,Pediatric Registered Nurse,3061,497,593817.0
261QD0000X,Dental Clinic/Center,25584,32,593733.49
208U00000X,Clinical Pharmacology Physician,220,29,587538.15
2255A2300X,Athletic Trainer,49523,579,581419.63
246QH0000X,Hematology Specialist/Technologist,19,2,574878.91
176B00000X,Midwife,7040,1228,571716.38
2081N0008X,Neuromuscular Medicine (Physical Medicine & Rehabilitation) Physician,278,52,571196.59
207RS0010X,Sports Medicine (Internal Medicine) Physician,461,188,568015.32
164W00000X,Licensed Practical Nurse,74333,640,558074.55
1744R1102X,Research Study Specialist,655,44,546724.88
207ZN0500X,Neuropathology Physician,336,123,527185.06
207LH0002X,Hospice and Palliative Medicine (Anesthesiology) Physician,84,25,511073.86
163WC3500X,Cardiac Rehabilitation Registered Nurse,267,25,505435.8
213ER0200X,Radiology Podiatrist,34,23,494831.92
171100000X,Acupuncturist,44293,223,484765.98
163WM0705X,Medical-Surgical Registered Nurse,3840,508,482489.53
163WD0400X,Diabetes Educator Registered Nurse,2599,273,472458.55
1223D0004X,Dental Anesthesiology,479,131,470927.55
2085U0001X,Diagnostic Ultrasound Physician,940,96,449797.6
302R00000X,Health Maintenance Organization,4524,20,412631.6
2080T0004X,Pediatric Transplant Hepatology Physician,29,20,402537.14
163WS0121X,Plastic Surgery Registered Nurse,174,32,396752.07
163WR0006X,Registered Nurse First Assistant,3224,366,384201.03
133NN1002X,Nutrition Education Nutritionist,2874,17,380912.24
163WN0800X,Neuroscience Registered Nurse,321,82,380356.61
207PS0010X,Sports Medicine (Emergency Medicine) Physician,394,89,375570.09
163WW0101X,Ambulatory Women's Health Care Registered Nurse,1008,187,360992.98
133V00000X,Registered Dietitian,73877,247,357602.9
207ZM0300X,Medical Microbiology Physician,99,29,353113.06
261QM2500X,Medical Specialty Clinic/Center,5974,42,342721.54
207WX0110X,Pediatric Ophthalmology and Strabismus Specialist Physician,292,206,336052.97
364SN0800X,Neuroscience Clinical Nurse Specialist,60,31,325300.41
163WW0000X,Wound Care Registered Nurse,1318,160,321690.52
2081P0301X,Brain Injury Medicine (Physical Medicine & Rehabilitation) Physician,148,81,313156.48
207ZI0100X,Immunopathology Physician,52,18,306014.7
261Q00000X,Clinic/Center,28524,83,305742.81
207VC0300X,Complex Family Planning Physician,78,38,304308.54
207QH0002X,Hospice and Palliative Medicine (Family Medicine) Physician,1591,407,301355.44
363LN0000X,Neonatal Nurse Practitioner,4100,1239,295273.13
363LP0222X,Critical Care Pediatric Nurse Practitioner,1194,435,292283.1
207ZF0201X,Forensic Pathology Physician,598,96,286009.92
163WG0100X,Gastroenterology Registered Nurse,441,63,283872.45
364SP0810X,Child & Family Psychiatric/Mental Health Clinical Nurse Specialist,65,27,283334.03
173F00000X,Sleep Specialist (PhD),163,7,282839.49
2083C0008X,Clinical Informatics Physician,106,40,279832.08
207ZP0213X,Pediatric Pathology Physician,213,65,274513.27
364SG0600X,Gerontology Clinical Nurse Specialist,416,208,273003.93
2084P0005X,Neurodevelopmental Disabilities Physician,89,32,270545.96
146N00000X,Basic Emergency Medical Technician,2534,65,269610.3
364SM0705X,Medical-Surgical Clinical Nurse Specialist,310,119,258547.17
111NR0400X,Rehabilitation Chiropractor,3668,223,257391.24
163WP2201X,Ambulatory Care Registered Nurse,3647,221,255056.04
103T00000X,Psychologist,58345,86,253238.46
101Y00000X,Counselor,130919,99,251414.35
261QM1200X,Magnetic Resonance Imaging (MRI) Clinic/Center,1680,1,247889.48
251J00000X,Nursing Care Agency,6712,19,242659.99
261QF0400X,Federally Qualified Health Center (FQHC),14255,16,239264.94
172V00000X,Community Health Worker,50984,50,234193.86
2084D0003X,Diagnostic Neuroimaging (Psychiatry & Neurology) Physician,91,18,232268.15
251K00000X,Public Health or Welfare Agency,7866,15,231369.93
207SM0001X,Molecular Genetic Pathology (Medical Genetics) Physician,37,11,228778.51
163WC1500X,Community Health Registered Nurse,7940,306,214534.76
202D00000X,Integrative Medicine Physician,510,65,206881.18
2080S0012X,Pediatric Sleep Medicine Physician,156,97,206532.08
261QR1100X,Research Clinic/Center,352,4,196221.27
2080I0007X,Pediatric Clinical & Laboratory Immunology Physician,16,8,194323.02
207VC0200X,Critical Care Medicine (Obstetrics & Gynecology) Physician,42,22,192931.19
163WP0000X,Pain Management Registered Nurse,290,73,184467.04
207SG0207X,Medical Biochemical Genetics,30,19,179858.33
207RI0001X,Clinical & Laboratory Immunology (Internal Medicine) Physician,55,11,178692.99
103TC0700X,Clinical Psychologist,77104,61,175555.14
111NX0800X,Orthopedic Chiropractor,1377,69,174758.77
171M00000X,Case Manager/Care Coordinator,170480,120,173183.97
261QX0200X,Oncology Clinic/Center,367,12,166053.82
225400000X,Rehabilitation Practitioner,19428,84,163896.3
363LN0005X,Critical Care Neonatal Nurse Practitioner,2310,698,162771.94
261QM0801X,Mental Health Clinic/Center (Including Community Mental Health Center),29076,24,162261.77
246RM2200X,Medical Laboratory Technician,475,1,162244.38
246ZC0007X,Surgical Assistant,5560,164,162004.57
2471C3402X,Radiography Radiologic Technologist,571,19,160352.21
163WS0200X,School Registered Nurse,11428,228,159528.91
163WA0400X,Addiction (Substance Use Disorder) Registered Nurse,2965,107,158323.11
163WG0600X,Gerontology Registered Nurse,817,120,156353.03
364SC0200X,Critical Care Medicine Clinical Nurse Specialist,218,110,156306.63
2080S0010X,Pediatric Sports Medicine Physician,243,128,154610.64
364SP0807X,Child & Adolescent Psychiatric/Mental Health Clinical Nurse Specialist,254,100,154459.53
261QP3300X,Pain Clinic/Center,1293,9,152809.35
101YA0400X,Addiction (Substance Use Disorder) Counselor,123090,86,152546.64
163WH0200X,Home Health Registered Nurse,11274,224,147103.27
2081H0002X,Hospice and Palliative Medicine (Physical Medicine & Rehabilitation) Physician,149,42,146385.53
1223X2210X,Orofacial Pain Dentistry,189,75,141388.64
225100000X,Physical Therapist,297662,270,141337.46
207VB0002X,Obesity Medicine (Obstetrics & Gynecology) Physician,49,15,140861.39
213EP0504X,Public Medicine Podiatrist,57,25,133964.1
124Q00000X,Dental Hygienist,16850,272,128962.9
261QH0100X,Health Service Clinic/Center,9925,21,125353.13
163WX0800X,Orthopedic Registered Nurse,301,58,122910.26
133N00000X,Nutritionist,5974,32,113467.09
163WX0003X,Inpatient Obstetric Registered Nurse,664,129,109705.51
261QA1903X,Ambulatory Surgical Clinic/Center,13897,26,107151.88
207QD0401X,Diabetology (Family Medicine) Physician,10,1,107064.09
101YP1600X,Pastoral Counselor,3056,3,101371.25
2083A0100X,Aerospace Medicine Physician,626,187,98434.94
261QU0200X,Urgent Care Clinic/Center,9227,104,98401.98
193400000X,Single Specialty Group,24,16,97528.56
246ZN0300X,Nephrology Specialist/Technologist,29,8,96297.79
207QP0002X,Physician Nutrition Specialist (Family Medicine),12,2,94090.87
207VH0002X,Hospice and Palliative Medicine (Obstetrics & Gynecology) Physician,158,46,93008.09
364SW0102X,Women's Health Clinical Nurse Specialist,191,76,91624.99
163WC0400X,Case Management Registered Nurse,6132,134,87965.81
207ZC0008X,Clinical Informatics (Pathology) Physician,32,18,81335.32
163WN0002X,Neonatal Intensive Care Registered Nurse,1118,230,81274.8
246ZS0410X,Surgical Technologist,2164,37,80206.37
405300000X,Prevention Professional,836,11,79493.93
363LX0106X,Occupational Health Nurse Practitioner,398,128,78411.86
281P00000X,Chronic Disease Hospital,361,20,77365.72
364SP0200X,Pediatric Clinical Nurse Specialist,389,147,74356.65
207ZP0104X,Chemical Pathology Physician,47,14,71073.6
207SC0300X,Clinical Cytogenetics Physician,161,28,68424.66
251S00000X,Community/Behavioral Health Agency,66879,34,67068.94
282NC2000X,Children's Hospital,790,42,66678.2
163WM0102X,Maternal Newborn Registered Nurse,916,128,66262.5
163WN0300X,Nephrology Registered Nurse,146,37,66192.58
305R00000X,Preferred Provider Organization,2959,18,66080.13
103G00000X,Clinical Neuropsychologist,7879,22,64762.0
163WL0100X,Lactation Consultant (Registered Nurse),4782,143,64571.03
163WA2000X,Administrator Registered Nurse,2696,93,62017.06
163WP0218X,Pediatric Oncology Registered Nurse,122,26,58377.44
286500000X,Military Hospital,709,19,57865.1
103K00000X,Behavior Analyst,121666,56,56709.62
282E00000X,Long Term Care Hospital,1089,8,54027.52
152WX0102X,Occupational Vision Optometrist,83,44,53463.55
283Q00000X,Psychiatric Hospital,2239,31,53223.36
261QR1300X,Rural Health Clinic/Center,6739,21,52523.83
235Z00000X,Speech-Language Pathologist,213123,46,52447.16
163WI0500X,Infusion Therapy Registered Nurse,1103,55,51514.71
106S00000X,Behavior Technician,600430,96,50571.38
103TH0004X,Health Psychologist,638,4,50313.42
282NR1301X,Rural Acute Care Hospital,700,15,49843.97
363LS0200X,School Nurse Practitioner,260,65,49758.14
175F00000X,Naturopath,7726,161,48241.37
103TP0016X,Prescribing (Medical) Psychologist,500,33,48169.48
302F00000X,Exclusive Provider Organization,2302,8,47723.34
111NS0005X,Sports Physician Chiropractor,3156,205,47031.67
211D00000X,Podiatric Assistant,86,19,46207.37
104100000X,Social Worker,148495,78,44778.3
3747P1801X,Personal Care Attendant,92155,12,44669.25
225X00000X,Occupational Therapist,140191,70,44564.49
146L00000X,Paramedic,2244,58,44204.51
2080B0002X,Pediatric Obesity Medicine Physician,38,19,43066.81
2080C0008X,Child Abuse Pediatrics Physician,166,24,42398.47
2083T0002X,Medical Toxicology (Preventive Medicine) Physician,42,5,41823.94
225500000X,Respiratory/Developmental/Rehabilitative Specialist/Technologist,667,6,41096.68
332BC3200X,Customized Equipment (DME),4528,30,38174.8
102L00000X,Psychoanalyst,1589,15,36856.58
163WU0100X,Urology Registered Nurse,104,24,36412.79
207PH0002X,Hospice and Palliative Medicine (Emergency Medicine) Physician,250,57,36072.14
246QL0900X,Laboratory Management Specialist/Technologist,213,1,35959.11
2080H0002X,Pediatric Hospice and Palliative Medicine Physician,262,71,35437.26
2085R0205X,Radiological Physics Physician,142,31,30674.94
364SC1501X,Community Health/Public Health Clinical Nurse Specialist,159,36,30214.72
247200000X,Other Technician,13454,15,29938.7
251E00000X,Home Health Agency,100107,28,29020.66
111NN0400X,Neurology Chiropractor,1245,70,28832.45
122400000X,Denturist,608,58,28539.96
156FX1800X,Optician,13912,193,28245.25
261QC1500X,Community Health Clinic/Center,3012,20,28146.0
111NI0013X,Independent Medical Examiner Chiropractor,540,31,27835.32
111NN1001X,Nutrition Chiropractor,1580,86,26345.45
103TB0200X,Cognitive & Behavioral Psychologist,3509,12,26034.67
163WI0600X,Infection Control Registered Nurse,312,11,25457.55
133VN1201X,Obesity and Weight Management Nutrition Registered Dietitian,557,4,25405.99
2084S0010X,Sports Medicine (Psychiatry & Neurology) Physician,15,9,25381.81
282NW0100X,Women's Hospital,146,12,25047.85
332900000X,Non-Pharmacy Dispensing Site,4283,4,24449.52
163WH1000X,Hospice Registered Nurse,728,46,24084.21
261QS1000X,Student Health Clinic/Center,1262,39,23829.08
163WE0900X,Enterostomal Therapy Registered Nurse,93,16,23499.69
193200000X,Multi-Specialty Group,8,7,23240.92
1835P0018X,Pharmacist Clinician (PhC)/ Clinical Pharmacy Specialist,14490,24,23226.25
132700000X,Dietary Manager,314,2,23188.57
374U00000X,Home Health Aide,52062,35,22993.82
225200000X,Physical Therapy Assistant,62041,59,22848.08
246Z00000X,Other Specialist/Technologist,2527,14,22731.02
224Z00000X,Occupational Therapy Assistant,43270,15,22714.82
103TC1900X,Counseling Psychologist,9640,5,22644.41
282NC0060X,Critical Access Hospital,2701,30,21707.57
106H00000X,Marriage & Family Therapist,99436,34,21603.84
163WP1700X,Perinatal Registered Nurse,190,28,21277.37
163WR1000X,Reproductive Endocrinology/Infertility Registered Nurse,61,14,20937.05
364SS0200X,School Clinical Nurse Specialist,38,4,20787.28
163WF0300X,Flight Registered Nurse,115,23,20701.12
163WX0601X,Otorhinolaryngology & Head-Neck Registered Nurse,42,7,19654.56
164X00000X,Licensed Vocational Nurse,19685,109,19454.26
332H00000X,Eyewear Supplier,12954,19,18926.16
246XC2901X,Cardiovascular Invasive Specialist/Technologist,98,7,18919.35
363LP1700X,Perinatal Nurse Practitioner,84,35,18708.56
364SP0813X,Geropsychiatric Psychiatric/Mental Health Clinical Nurse Specialist,57,15,18181.25
207RM1200X,Magnetic Resonance Imaging (MRI) Internal Medicine Physician,83,4,18163.26
372500000X,Chore Provider,11596,13,17549.58
314000000X,Skilled Nursing Facility,32780,13,17381.86
273Y00000X,Rehabilitation Hospital Unit,1764,2,17376.17
163WR0400X,Rehabilitation Registered Nurse,440,26,15949.67
167G00000X,Licensed Psychiatric Technician,2353,6,15377.97
125Q00000X,Oral Medicine Dentistry,50,16,15339.92
261QI0500X,Infusion Therapy Clinic/Center,1091,7,15221.46
2083S0010X,Sports Medicine (Preventive Medicine) Physician,188,24,15112.11
225000000X,Orthotic Fitter,889,9,14367.76
163WC1600X,Continuing Education/Staff Development Registered Nurse,519,34,14298.89
253Z00000X,In Home Supportive Care Agency,41622,4,12527.71
170300000X,Genetic Counselor (M.S.),6738,13,12520.33
174N00000X,Lactation Consultant (Non-RN),4443,21,12506.78
261QA0005X,Ambulatory Family Planning Facility,622,7,12267.48
225700000X,Massage Therapist,77520,44,12230.85
163WX0106X,Occupational Health Registered Nurse,405,17,12200.26
163WX0002X,High-Risk Obstetric Registered Nurse,203,37,12054.98
246ZX2200X,Orthopedic Assistant,153,11,11640.55
163WC1400X,College Health Registered Nurse,358,19,11555.94
273100000X,Epilepsy Hospital Unit,12,3,11540.84
227900000X,Registered Respiratory Therapist,4477,8,11323.45
126800000X,Dental Assistant,2957,29,11273.97
225XH1200X,Hand Occupational Therapist,3298,5,11142.61
163WH0500X,Hemodialysis Registered Nurse,228,23,11114.41
364SN0000X,Neonatal Clinical Nurse Specialist,114,32,11084.14
311Z00000X,Custodial Care Facility,1102,2,10928.57
183700000X,Pharmacy Technician,12539,10,10926.2
273R00000X,Psychiatric Hospital Unit,2571,10,10894.52
2084H0002X,Hospice and Palliative Medicine (Psychiatry & Neurology) Physician,49,12,10774.25
171400000X,Health & Wellness Coach,8708,19,10771.11
156FX1100X,Ophthalmic Technician/Technologist,347,9,10716.28
207SG0205X,Ph.D. Medical Genetics Physician,25,6,10547.48
247000000X,Health Information Technician,1081,2,10273.73
261QE0002X,Emergency Care Clinic/Center,1719,6,10116.57
103TA0400X,Addiction (Substance Use Disorder) Psychologist,1378,13,10101.73
207UN0903X,In Vivo & In Vitro Nuclear Medicine Physician,16,4,9518.47
231H00000X,Audiologist,24868,13,9479.31
2471S1302X,Sonography Radiologic Technologist,895,4,9367.08
374J00000X,Doula,20000,25,9133.45
261QM0850X,Adult Mental Health Clinic/Center,10501,11,9007.5
364SE0003X,Emergency Clinical Nurse Specialist,94,41,8852.97
246ZE0600X,Electroneurodiagnostic Specialist/Technologist,4719,12,8697.93
1710I1002X,Independent Duty Corpsman,3599,9,8661.06
156F00000X,Technician/Technologist,4137,10,8480.79
156FX1202X,Optometric Technician,80,1,8334.91
246QM0706X,Medical Technologist,787,9,8325.15
364SP0812X,Community Psychiatric/Mental Health Clinical Nurse Specialist,40,9,8299.27
364SC2300X,Chronic Care Clinical Nurse Specialist,36,8,7917.92
227800000X,Certified Respiratory Therapist,1698,6,7582.21
251C00000X,Developmentally Disabled Services Day Training Agency,13978,2,7569.04
101YS0200X,School Counselor,7207,3,7334.43
251300000X,Local Education Agency (LEA),16215,1,7092.9
364ST0500X,Transplantation Clinical Nurse Specialist,12,4,7076.72
1835P1200X,Pharmacotherapy Pharmacist,6214,7,6931.81
275N00000X,Medicare Defined Swing Bed Hospital Unit,2080,7,6791.34
364SR0400X,Rehabilitation Clinical Nurse Specialist,29,4,6659.73
225B00000X,Pulmonary Function Technologist,116,2,6515.79
246Q00000X,Pathology Specialist/Technologist,352,10,6364.06
243U00000X,Radiology Practitioner Assistant,368,20,6284.78
133VN1006X,Metabolic Nutrition Registered Dietitian,927,5,6027.98
2084B0002X,Obesity Medicine (Psychiatry & Neurology) Physician,27,8,5994.66
364SP2800X,Perioperative Clinical Nurse Specialist,84,20,5988.42
335E00000X,Prosthetic/Orthotic Supplier,7010,3,5878.17
261QX0100X,Occupational Medicine Clinic/Center,1076,6,5701.36
171R00000X,Interpreter,4815,1,5556.23
261QP1100X,Podiatric Clinic/Center,960,4,5492.74
103TC2200X,Clinical Child & Adolescent Psychologist,5375,12,5424.3
261QR0405X,Substance Use Disorder Rehabilitation Clinic/Center,5842,2,5375.69
2471V0106X,Vascular-Interventional Technology Radiologic Technologist,38,2,5278.65
111NX0100X,Occupational Health Chiropractor,383,25,5223.22
103TP0814X,Psychoanalysis Psychologist,386,2,5216.74
222Q00000X,Developmental Therapist,18178,8,5210.09
133VN1004X,Pediatric Nutrition Registered Dietitian,1542,9,5013.72
2251X0800X,Orthopedic Physical Therapist,12332,14,4960.07
209800000X,Legal Medicine (M.D./D.O.) Physician,79,12,4919.75
247100000X,Radiologic Technologist,1198,5,4701.81
261QS0112X,Oral and Maxillofacial Surgery Clinic/Center,613,3,4683.78
106E00000X,Assistant Behavior Analyst,10875,11,4659.64
111NI0900X,Internist Chiropractor,538,30,4465.56
163WM1400X,Nurse Massage Therapist (NMT),313,3,4452.7
103TS0200X,School Psychologist,16135,3,4239.79
237700000X,Hearing Instrument Specialist,12523,4,4180.76
376K00000X,Nurse's Aide,13858,11,3934.03
1744G0900X,Graphics Designer,42,1,3888.79
2085H0002X,Hospice and Palliative Medicine (Radiology) Physician,11,1,3771.89
156FX1101X,Ophthalmic Assistant,167,1,3717.95
261QS0132X,Ophthalmologic Surgery Clinic/Center,594,3,3636.98
2471C3401X,Computed Tomography Radiologic Technologist,232,5,3586.59
175L00000X,Homeopath,465,10,3462.53
364SX0204X,Pediatric Oncology Clinical Nurse Specialist,10,5,3352.04
133VN1005X,Renal Nutrition Registered Dietitian,703,2,3245.79
163WX1100X,Ophthalmic Registered Nurse,30,5,3133.37
163WN0003X,Low-Risk Neonatal Registered Nurse,44,10,3129.16
2086P0122X,Physician Nutrition Specialist (Surgery),2,2,2974.3
310400000X,Assisted Living Facility,28781,1,2968.96
125K00000X,Advanced Practice Dental Therapist,83,9,2835.63
224P00000X,Prosthetist,1640,4,2794.34
246ZE0500X,EEG Specialist/Technologist,340,1,2761.76
246X00000X,Cardiovascular Specialist/Technologist,203,1,2745.53
283X00000X,Rehabilitation Hospital,1179,1,2645.25
146M00000X,Intermediate Emergency Medical Technician,369,9,2622.82
3747A0650X,Attendant Care Provider,10543,5,2619.71
163WN1003X,Nutrition Support Registered Nurse,138,9,2597.7
111NP0017X,Pediatric Chiropractor,403,9,2528.81
163WD1100X,Peritoneal Dialysis Registered Nurse,137,8,2480.4
1835P1300X,Psychiatric Pharmacist,896,1,2455.08
251B00000X,Case Management Agency,26518,4,2359.15
305S00000X,Point of Service,2594,3,2277.6
246QC1000X,Chemistry Pathology Specialist/Technologist,47,1,2200.0
125J00000X,Dental Therapist,176,8,2186.03
1710I1003X,Independent Duty Medical Technicians,1546,9,2176.41
261QA0006X,Ambulatory Fertility Facility,141,3,2062.92
374T00000X,Religious Nonmedical Nursing Personnel,203,9,2054.46
103TM1800X,Intellectual & Developmental Disabilities Psychologist,1286,1,1994.56
324500000X,Substance Abuse Rehabilitation Facility,8600,4,1954.9
172A00000X,Driver,9848,6,1897.32
320800000X,Mental Illness Community Based Residential Treatment Facility,5563,3,1865.98
261QR0200X,Radiology Clinic/Center,4069,6,1715.34
343900000X,Non-emergency Medical Transport (VAN),34147,6,1713.29
246RP1900X,Phlebotomy Technician,3795,2,1710.28
163WC2100X,Continence Care Registered Nurse,127,5,1704.88
2251P0200X,Pediatric Physical Therapist,7793,2,1653.77
2278P3800X,Palliative/Hospice Certified Respiratory Therapist,9,1,1641.01
376J00000X,Homemaker,13589,2,1627.35
364SL0600X,Long-Term Care Clinical Nurse Specialist,196,19,1613.62
364SP1700X,Perinatal Clinical Nurse Specialist,30,8,1595.81
163WX1500X,Ostomy Care Registered Nurse,54,6,1556.7
2278P1005X,Pulmonary Rehabilitation Certified Respiratory Therapist,96,1,1533.88
261QM1103X,Military Ambulatory Procedure Visits Operational (Transportable) Clinic/Center,14,1,1517.74
313M00000X,Nursing Facility/Intermediate Care Facility,3404,6,1494.26
246YC3302X,Physician Office Based Coding Specialist,150,3,1480.59
225XL0004X,Low Vision Occupational Therapist,132,1,1345.26
2080T0002X,Pediatric Medical Toxicology Physician,21,4,1331.45
261QV0200X,VA Clinic/Center,1504,8,1305.17
224Y00000X,Clinical Exercise Physiologist,844,3,1209.42
261QR0400X,Rehabilitation Clinic/Center,4869,2,1192.46
156FC0801X,Contact Lens Fitter,134,5,1167.77
320900000X,Intellectual and/or Developmental Disabilities Community Based Residential Treatment Facility,11548,1,1131.58
261QX0203X,Radiation Oncology Clinic/Center,310,4,1122.0
175M00000X,Lay Midwife,540,8,1112.65
246Y00000X,Health Information Specialist/Technologist,381,1,1041.11
261QC1800X,Corporate Health Clinic/Center,392,2,1038.36
156FC0800X,Contact Lens Technician/Technologist,173,4,1027.7
207QB0505X,Diabetology (Internal Medicine) Physician,12,3,1015.97
111NR0200X,Radiology Chiropractor,307,9,1009.86
2251S0007X,Sports Physical Therapist,1530,2,973.31
2278C0205X,Critical Care Certified Respiratory Therapist,206,1,950.61
252Y00000X,Early Intervention Provider Agency,8527,3,869.91
133VN1301X,Oncology Nutrition Registered Dietitian,157,1,841.61
374700000X,Technician,2896,6,781.93
364SH0200X,Home Health Clinical Nurse Specialist,220,5,707.15
242T00000X,Perfusionist,1596,3,702.51
126900000X,Dental Laboratory Technician,91,3,697.79
261QM0855X,Adolescent and Children Mental Health Clinic/Center,2624,6,685.51
1835I0206X,Infectious Diseases Pharmacist,275,1,681.58
372600000X,Adult Companion,13779,5,623.8
2355S0801X,Speech-Language Assistant,13871,4,585.58
311ZA0620X,Adult Care Home Facility,6205,2,579.13
3140N1450X,Pediatric Skilled Nursing Facility,540,2,560.07
177F00000X,Lodging Provider,779,1,506.94
2278E1000X,Educational Certified Respiratory Therapist,53,2,468.94
261QP0904X,Federal Public Health Clinic/Center,138,4,450.93
237600000X,Audiologist-Hearing Aid Fitter,5686,4,447.74
222Z00000X,Orthotist,2181,3,436.55
103TA0700X,Adult Development & Aging Psychologist,702,2,413.17
225C00000X,Rehabilitation Counselor,2461,1,389.18
261QM1102X,Military Outpatient Operational (Transportable) Component Clinic/Center,29,2,367.89
385HR2060X,Child Intellectual and/or Developmental Disabilities Respite Care,1039,1,358.9
1041S0200X,School Social Worker,7330,2,314.75
251T00000X,PACE Provider Organization,703,1,308.94
364SH1100X,Holistic Clinical Nurse Specialist,41,3,295.47
364SX0106X,Occupational Health Clinical Nurse Specialist,26,4,271.28
1835X0200X,Oncology Pharmacist,1982,3,263.92
281PC2000X,Children's Chronic Disease Hospital,78,3,262.07
246QI0000X,Immunology Pathology Specialist/Technologist,18,1,252.3
385HR2055X,Child Mental Illness Respite Care,579,2,249.52
2279C0205X,Critical Care Registered Respiratory Therapist,536,1,244.97
2865M2000X,Military General Acute Care Hospital,185,1,244.01
261QD1600X,Developmental Disabilities Clinic/Center,2685,1,232.28
2471B0102X,Bone Densitometry Radiologic Technologist,74,2,222.8
3416L0300X,Land Ambulance,11397,1,218.67
156FX1201X,Optometric Assistant Technician,55,1,211.04
261QP0905X,State or Local Public Health Clinic/Center,749,2,204.08
101200000X,Drama Therapist,416,1,198.24
251G00000X,Community Based Hospice Care Agency,16128,4,196.09
347D00000X,Train,10,1,193.81
276400000X,Substance Use Disorder Rehabilitation Hospital Unit,383,1,179.59
246QM0900X,Microbiology Specialist/Technologist,70,1,157.68
207RP1002X,Physician Nutrition Specialist (Internal Medicine),2,1,154.71
253J00000X,Foster Care Agency,2041,2,140.1
156FX1900X,Orthoptist,47,1,135.12
261QA0600X,Adult Day Care Clinic/Center,7349,2,131.35
261QR0206X,Mammography Clinic/Center,329,1,128.5
251F00000X,Home Infusion Agency,1265,1,122.46
172P00000X,Naprapath,237,1,121.82
246ZA2600X,Medical Art Specialist/Technologist,244,1,117.85
320700000X,Physical Disabilities Residential Treatment Facility,855,1,107.76
225XN1300X,Neurorehabilitation Occupational Therapist,749,1,106.39
225XP0200X,Pediatric Occupational Therapist,16306,1,102.79
1835C0206X,Cardiology Pharmacist,90,1,101.34
261QP2000X,Physical Therapy Clinic/Center,19424,3,98.56
251V00000X,Voluntary or Charitable Agency,2785,1,92.3
261QG0250X,Genetics Clinic/Center,117,1,91.09
2251C2600X,Cardiopulmonary Physical Therapist,167,1,86.52
1835P2201X,Ambulatory Care Pharmacist,3792,3,81.15
311500000X,Alzheimer Center (Dementia Center),600,1,77.58
226300000X,Kinesiotherapist,652,1,75.89
333600000X,Pharmacy,27401,3,74.69
2080P1004X,Physician Nutrition Specialist (Pediatrics),4,2,67.76
2279P1005X,Pulmonary Rehabilitation Registered Respiratory Therapist,100,1,62.89
2471N0900X,Nuclear Medicine Technology Radiologic Technologist,166,1,62.22
174200000X,Meals Provider,1989,1,58.23
2251E1200X,Ergonomics Physical Therapist,120,1,54.56
246RH0600X,Histology Technician,29,1,54.03
103TF0000X,Family Psychologist,492,1,53.99
2279E0002X,Emergency Care Registered Respiratory Therapist,34,2,50.02
261QF0050X,Non-Surgical Family Planning Clinic/Center,622,2,44.51
2278G1100X,General Care Certified Respiratory Therapist,190,1,43.19
207LP4000X,Physician Nutrition Specialist (Anesthesiology),2,1,42.78
175T00000X,Peer Specialist,31968,2,42.02
2251N0400X,Neurology Physical Therapist,1293,2,41.36
2279G1100X,General Care Registered Respiratory Therapist,413,2,39.03
103TR0400X,Rehabilitation Psychologist,805,1,35.32
315D00000X,Inpatient Hospice,248,1,33.47
320600000X,Intellectual and/or Developmental Disabilities Residential Treatment Facility,5774,1,31.29
3336S0011X,Specialty Pharmacy,623,1,30.6
341600000X,Ambulance,7424,1,29.56
246YC3301X,Hospital Based Coding Specialist,31,1,29.44
246QH0600X,Histology Specialist/Technologist,68,1,28.11
156FX1700X,Ocularist,253,1,25.33
225XG0600X,Gerontology Occupational Therapist,974,1,25.0
251X00000X,Supports Brokerage Agency,877,1,25.0
225XP0019X,Physical Rehabilitation Occupational Therapist,2756,1,22.14
364SI0800X,Informatics Clinical Nurse Specialist,27,1,21.42
111NT0100X,Thermography Chiropractor,60,1,20.21
261QR0207X,Mobile Mammography Clinic/Center,79,1,19.43
172M00000X,Mechanotherapist,2266,1,19.28
221700000X,Art Therapist,2210,1,18.1
261QM2800X,Methadone Clinic,1249,1,17.0
173C00000X,Reflexologist,915,1,16.83
174V00000X,Clinical Ethicist,124,1,16.07
103TF0200X,Forensic Psychologist,861,1,14.99
